t [s],P [Pa],T [K],M_liq [kg],mdot [kg/s],V_gas [m^3]
0.000000e+00,5.000000e+06,2.931500e+02,3.518932e+01,1.248059e+00,4.980000e-03
5.000000e-02,4.921453e+06,2.931500e+02,3.512692e+01,1.238044e+00,5.059481e-03
1.000000e-01,4.845937e+06,2.931500e+02,3.506502e+01,1.228339e+00,5.138325e-03
1.500000e-01,4.773269e+06,2.931500e+02,3.500360e+01,1.218927e+00,5.216551e-03
2.000000e-01,4.703281e+06,2.931500e+02,3.494266e+01,1.209792e+00,5.294177e-03
2.500000e-01,4.635817e+06,2.931500e+02,3.488217e+01,1.200922e+00,5.371222e-03
3.000000e-01,4.570735e+06,2.931500e+02,3.482212e+01,1.192302e+00,5.447701e-03
3.500000e-01,4.507904e+06,2.931500e+02,3.476251e+01,1.183920e+00,5.523632e-03
4.000000e-01,4.447200e+06,2.931500e+02,3.470331e+01,1.175766e+00,5.599029e-03
4.500000e-01,4.388511e+06,2.931500e+02,3.464452e+01,1.167828e+00,5.673906e-03
5.000000e-01,4.331732e+06,2.931500e+02,3.458613e+01,1.160097e+00,5.748278e-03
5.500000e-01,4.276765e+06,2.931500e+02,3.452813e+01,1.152563e+00,5.822158e-03
6.000000e-01,4.223519e+06,2.931500e+02,3.447050e+01,1.145218e+00,5.895558e-03
6.500000e-01,4.171909e+06,2.931500e+02,3.441324e+01,1.138053e+00,5.968490e-03
7.000000e-01,4.121857e+06,2.931500e+02,3.435633e+01,1.131062e+00,6.040966e-03
7.500000e-01,4.073289e+06,2.931500e+02,3.429978e+01,1.124235e+00,6.112997e-03
8.000000e-01,4.026134e+06,2.931500e+02,3.424357e+01,1.117568e+00,6.184593e-03
8.500000e-01,3.980329e+06,2.931500e+02,3.418769e+01,1.111053e+00,6.255764e-03
9.000000e-01,3.935813e+06,2.931500e+02,3.413214e+01,1.104685e+00,6.326520e-03
9.500000e-01,3.892528e+06,2.931500e+02,3.407690e+01,1.098457e+00,6.396871e-03
1.000000e+00,3.850421e+06,2.931500e+02,3.402198e+01,1.092365e+00,6.466825e-03
1.050000e+00,3.809441e+06,2.931500e+02,3.396736e+01,1.086403e+00,6.536392e-03
1.100000e+00,3.769541e+06,2.931500e+02,3.391304e+01,1.080567e+00,6.605578e-03
1.150000e+00,3.730676e+06,2.931500e+02,3.385901e+01,1.074851e+00,6.674393e-03
1.200000e+00,3.692804e+06,2.931500e+02,3.380527e+01,1.069252e+00,6.742844e-03
1.250000e+00,3.655884e+06,2.931500e+02,3.375181e+01,1.063766e+00,6.810939e-03
1.300000e+00,3.619879e+06,2.931500e+02,3.369862e+01,1.058388e+00,6.878684e-03
1.350000e+00,3.584753e+06,2.931500e+02,3.364570e+01,1.053115e+00,6.946086e-03
1.400000e+00,3.550472e+06,2.931500e+02,3.359304e+01,1.047943e+00,7.013153e-03
1.450000e+00,3.517004e+06,2.931500e+02,3.354065e+01,1.042869e+00,7.079890e-03
1.500000e+00,3.484319e+06,2.931500e+02,3.348850e+01,1.037890e+00,7.146304e-03
1.550000e+00,3.452387e+06,2.931500e+02,3.343661e+01,1.033003e+00,7.212401e-03
1.600000e+00,3.421182e+06,2.931500e+02,3.338496e+01,1.028204e+00,7.278187e-03
1.650000e+00,3.390676e+06,2.931500e+02,3.333355e+01,1.023491e+00,7.343667e-03
1.700000e+00,3.360847e+06,2.931500e+02,3.328237e+01,1.018861e+00,7.408847e-03
1.750000e+00,3.331669e+06,2.931500e+02,3.323143e+01,1.014312e+00,7.473733e-03
1.800000e+00,3.303120e+06,2.931500e+02,3.318072e+01,1.009842e+00,7.538328e-03
1.850000e+00,3.275178e+06,2.931500e+02,3.313022e+01,1.005447e+00,7.602639e-03
1.900000e+00,3.247825e+06,2.931500e+02,3.307995e+01,1.001126e+00,7.666670e-03
1.950000e+00,3.221039e+06,2.931500e+02,3.302990e+01,9.968765e-01,7.730426e-03
2.000000e+00,3.194802e+06,2.931500e+02,3.298005e+01,9.926965e-01,7.793911e-03
2.050000e+00,3.169096e+06,2.931500e+02,3.293042e+01,9.885840e-01,7.857130e-03
2.100000e+00,3.143905e+06,2.931500e+02,3.288099e+01,9.845371e-01,7.920087e-03
2.150000e+00,3.119212e+06,2.931500e+02,3.283176e+01,9.805540e-01,7.982786e-03
2.200000e+00,3.095001e+06,2.931500e+02,3.278273e+01,9.766329e-01,8.045232e-03
2.250000e+00,3.071258e+06,2.931500e+02,3.273390e+01,9.727722e-01,8.107428e-03
2.300000e+00,3.047968e+06,2.931500e+02,3.268526e+01,9.689703e-01,8.169378e-03
2.350000e+00,3.025117e+06,2.931500e+02,3.263681e+01,9.652256e-01,8.231086e-03
2.400000e+00,3.002693e+06,2.931500e+02,3.258855e+01,9.615366e-01,8.292556e-03
2.450000e+00,2.980683e+06,2.931500e+02,3.254048e+01,9.579018e-01,8.353790e-03
2.500000e+00,2.959074e+06,2.931500e+02,3.249258e+01,9.543199e-01,8.414793e-03
2.550000e+00,2.937856e+06,2.931500e+02,3.244487e+01,9.507896e-01,8.475568e-03
2.600000e+00,2.917017e+06,2.931500e+02,3.239733e+01,9.473095e-01,8.536118e-03
2.650000e+00,2.896546e+06,2.931500e+02,3.234996e+01,9.438783e-01,8.596447e-03
2.700000e+00,2.876432e+06,2.931500e+02,3.230277e+01,9.404950e-01,8.656557e-03
2.750000e+00,2.856667e+06,2.931500e+02,3.225574e+01,9.371584e-01,8.716452e-03
2.800000e+00,2.837240e+06,2.931500e+02,3.220888e+01,9.338672e-01,8.776134e-03
2.850000e+00,2.818143e+06,2.931500e+02,3.216219e+01,9.306205e-01,8.835606e-03
2.900000e+00,2.799366e+06,2.931500e+02,3.211566e+01,9.274172e-01,8.894872e-03
2.950000e+00,2.780901e+06,2.931500e+02,3.206929e+01,9.242563e-01,8.953934e-03
3.000000e+00,2.762739e+06,2.931500e+02,3.202308e+01,9.211368e-01,9.012794e-03
3.050000e+00,2.744874e+06,2.931500e+02,3.197702e+01,9.180578e-01,9.071456e-03
3.100000e+00,2.727296e+06,2.931500e+02,3.193112e+01,9.150183e-01,9.129921e-03
3.150000e+00,2.710000e+06,2.931500e+02,3.188536e+01,9.120174e-01,9.188194e-03
3.200000e+00,2.692976e+06,2.931500e+02,3.183976e+01,9.090544e-01,9.246275e-03
3.250000e+00,2.676220e+06,2.931500e+02,3.179431e+01,9.061284e-01,9.304167e-03
3.300000e+00,2.659724e+06,2.931500e+02,3.174900e+01,9.032385e-01,9.361873e-03
3.350000e+00,2.643482e+06,2.931500e+02,3.170384e+01,9.003840e-01,9.419395e-03
3.400000e+00,2.627487e+06,2.931500e+02,3.165882e+01,8.975642e-01,9.476735e-03
3.450000e+00,2.611734e+06,2.931500e+02,3.161395e+01,8.947782e-01,9.533895e-03
3.500000e+00,2.596217e+06,2.931500e+02,3.156921e+01,8.920255e-01,9.590879e-03
3.550000e+00,2.580930e+06,2.931500e+02,3.152461e+01,8.893052e-01,9.647686e-03
3.600000e+00,2.565867e+06,2.931500e+02,3.148014e+01,8.866168e-01,9.704321e-03
3.650000e+00,2.551024e+06,2.931500e+02,3.143581e+01,8.839596e-01,9.760784e-03
3.700000e+00,2.536396e+06,2.931500e+02,3.139161e+01,8.813329e-01,9.817079e-03
3.750000e+00,2.521977e+06,2.931500e+02,3.134754e+01,8.787362e-01,9.873205e-03
3.800000e+00,2.507763e+06,2.931500e+02,3.130361e+01,8.761688e-01,9.929167e-03
3.850000e+00,2.493749e+06,2.931500e+02,3.125980e+01,8.736302e-01,9.984965e-03
3.900000e+00,2.479931e+06,2.931500e+02,3.121612e+01,8.711198e-01,1.004060e-02
3.950000e+00,2.466304e+06,2.931500e+02,3.117256e+01,8.686371e-01,1.009608e-02
4.000000e+00,2.452865e+06,2.931500e+02,3.112913e+01,8.661814e-01,1.015140e-02
4.050000e+00,2.439608e+06,2.931500e+02,3.108582e+01,8.637524e-01,1.020656e-02
4.100000e+00,2.426530e+06,2.931500e+02,3.104263e+01,8.613495e-01,1.026157e-02
4.150000e+00,2.413628e+06,2.931500e+02,3.099957e+01,8.589722e-01,1.031642e-02
4.200000e+00,2.400897e+06,2.931500e+02,3.095662e+01,8.566200e-01,1.037112e-02
4.250000e+00,2.388334e+06,2.931500e+02,3.091379e+01,8.542926e-01,1.042568e-02
4.300000e+00,2.375936e+06,2.931500e+02,3.087107e+01,8.519893e-01,1.048008e-02
4.350000e+00,2.363698e+06,2.931500e+02,3.082847e+01,8.497098e-01,1.053434e-02
4.400000e+00,2.351619e+06,2.931500e+02,3.078599e+01,8.474537e-01,1.058845e-02
4.450000e+00,2.339693e+06,2.931500e+02,3.074361e+01,8.452205e-01,1.064242e-02
4.500000e+00,2.327919e+06,2.931500e+02,3.070135e+01,8.430098e-01,1.069625e-02
4.550000e+00,2.316293e+06,2.931500e+02,3.065920e+01,8.408213e-01,1.074993e-02
4.600000e+00,2.304813e+06,2.931500e+02,3.061716e+01,8.386545e-01,1.080348e-02
4.650000e+00,2.293474e+06,2.931500e+02,3.057523e+01,8.365091e-01,1.085689e-02
4.700000e+00,2.282276e+06,2.931500e+02,3.053340e+01,8.343847e-01,1.091016e-02
4.750000e+00,2.271214e+06,2.931500e+02,3.049168e+01,8.322809e-01,1.096330e-02
4.800000e+00,2.260287e+06,2.931500e+02,3.045007e+01,8.301974e-01,1.101630e-02
4.850000e+00,2.249491e+06,2.931500e+02,3.040856e+01,8.281338e-01,1.106917e-02
4.900000e+00,2.238824e+06,2.931500e+02,3.036715e+01,8.260899e-01,1.112191e-02
4.950000e+00,2.228284e+06,2.931500e+02,3.032585e+01,8.240652e-01,1.117452e-02
5.000000e+00,2.217868e+06,2.931500e+02,3.028465e+01,8.220596e-01,1.122700e-02
5.050000e+00,2.207574e+06,2.931500e+02,3.024354e+01,8.200725e-01,1.127935e-02
5.100000e+00,2.197399e+06,2.931500e+02,3.020254e+01,8.181039e-01,1.133158e-02
5.150000e+00,2.187342e+06,2.931500e+02,3.016163e+01,8.161532e-01,1.138368e-02
5.200000e+00,2.177401e+06,2.931500e+02,3.012083e+01,8.142204e-01,1.143565e-02
5.250000e+00,2.167572e+06,2.931500e+02,3.008012e+01,8.123050e-01,1.148751e-02
5.300000e+00,2.157855e+06,2.931500e+02,3.003950e+01,8.104069e-01,1.153924e-02
5.350000e+00,2.148247e+06,2.931500e+02,2.999898e+01,8.085257e-01,1.159085e-02
5.400000e+00,2.138746e+06,2.931500e+02,2.995855e+01,8.066611e-01,1.164234e-02
5.450000e+00,2.129350e+06,2.931500e+02,2.991822e+01,8.048130e-01,1.169371e-02
5.500000e+00,2.120058e+06,2.931500e+02,2.987798e+01,8.029810e-01,1.174496e-02
5.550000e+00,2.110867e+06,2.931500e+02,2.983783e+01,8.011650e-01,1.179610e-02
5.600000e+00,2.101776e+06,2.931500e+02,2.979777e+01,7.993646e-01,1.184712e-02
5.650000e+00,2.092784e+06,2.931500e+02,2.975780e+01,7.975797e-01,1.189803e-02
5.700000e+00,2.083887e+06,2.931500e+02,2.971793e+01,7.958099e-01,1.194882e-02
5.750000e+00,2.075086e+06,2.931500e+02,2.967813e+01,7.940552e-01,1.199950e-02
5.800000e+00,2.066378e+06,2.931500e+02,2.963843e+01,7.923152e-01,1.205007e-02
5.850000e+00,2.057761e+06,2.931500e+02,2.959882e+01,7.905897e-01,1.210053e-02
5.900000e+00,2.049235e+06,2.931500e+02,2.955929e+01,7.888786e-01,1.215088e-02
5.950000e+00,2.040797e+06,2.931500e+02,2.951984e+01,7.871816e-01,1.220112e-02
6.000000e+00,2.032446e+06,2.931500e+02,2.948048e+01,7.854985e-01,1.225125e-02
6.050000e+00,2.024181e+06,2.931500e+02,2.944121e+01,7.838291e-01,1.230127e-02
6.100000e+00,2.016000e+06,2.931500e+02,2.940202e+01,7.821732e-01,1.235119e-02
6.150000e+00,2.007903e+06,2.931500e+02,2.936291e+01,7.805307e-01,1.240100e-02
6.200000e+00,1.999886e+06,2.931500e+02,2.932388e+01,7.789013e-01,1.245071e-02
6.250000e+00,1.991950e+06,2.931500e+02,2.928494e+01,7.772848e-01,1.250031e-02
6.300000e+00,1.984093e+06,2.931500e+02,2.924607e+01,7.756811e-01,1.254981e-02
6.350000e+00,1.976314e+06,2.931500e+02,2.920729e+01,7.740901e-01,1.259921e-02
6.400000e+00,1.968612e+06,2.931500e+02,2.916858e+01,7.725114e-01,1.264851e-02
6.450000e+00,1.960984e+06,2.931500e+02,2.912996e+01,7.709450e-01,1.269770e-02
6.500000e+00,1.953431e+06,2.931500e+02,2.909141e+01,7.693907e-01,1.274680e-02
6.550000e+00,1.945951e+06,2.931500e+02,2.905294e+01,7.678483e-01,1.279580e-02
6.600000e+00,1.938543e+06,2.931500e+02,2.901455e+01,7.663177e-01,1.284470e-02
6.650000e+00,1.931205e+06,2.931500e+02,2.897623e+01,7.647987e-01,1.289350e-02
6.700000e+00,1.923938e+06,2.931500e+02,2.893799e+01,7.632911e-01,1.294221e-02
6.750000e+00,1.916739e+06,2.931500e+02,2.889983e+01,7.617948e-01,1.299082e-02
6.800000e+00,1.909607e+06,2.931500e+02,2.886174e+01,7.603097e-01,1.303933e-02
6.850000e+00,1.902542e+06,2.931500e+02,2.882372e+01,7.588356e-01,1.308775e-02
6.900000e+00,1.895543e+06,2.931500e+02,2.878578e+01,7.573724e-01,1.313608e-02
6.950000e+00,1.888609e+06,2.931500e+02,2.874791e+01,7.559199e-01,1.318431e-02
7.000000e+00,1.881738e+06,2.931500e+02,2.871012e+01,7.544780e-01,1.323245e-02
7.050000e+00,1.874930e+06,2.931500e+02,2.867239e+01,7.530465e-01,1.328050e-02
7.100000e+00,1.868184e+06,2.931500e+02,2.863474e+01,7.516253e-01,1.332845e-02
7.150000e+00,1.861498e+06,2.931500e+02,2.859716e+01,7.502144e-01,1.337632e-02
7.200000e+00,1.854873e+06,2.931500e+02,2.855965e+01,7.488134e-01,1.342410e-02
7.250000e+00,1.848307e+06,2.931500e+02,2.852221e+01,7.474225e-01,1.347178e-02
7.300000e+00,1.841800e+06,2.931500e+02,2.848484e+01,7.460413e-01,1.351938e-02
7.350000e+00,1.835350e+06,2.931500e+02,2.844754e+01,7.446698e-01,1.356689e-02
7.400000e+00,1.828957e+06,2.931500e+02,2.841030e+01,7.433079e-01,1.361432e-02
7.450000e+00,1.822620e+06,2.931500e+02,2.837314e+01,7.419555e-01,1.366165e-02
7.500000e+00,1.816338e+06,2.931500e+02,2.833604e+01,7.406124e-01,1.370891e-02
7.550000e+00,1.810110e+06,2.931500e+02,2.829901e+01,7.392785e-01,1.375607e-02
7.600000e+00,1.803936e+06,2.931500e+02,2.826204e+01,7.379537e-01,1.380315e-02
7.650000e+00,1.797815e+06,2.931500e+02,2.822515e+01,7.366379e-01,1.385015e-02
7.700000e+00,1.791746e+06,2.931500e+02,2.818831e+01,7.353310e-01,1.389706e-02
7.750000e+00,1.785729e+06,2.931500e+02,2.815155e+01,7.340330e-01,1.394389e-02
7.800000e+00,1.779762e+06,2.931500e+02,2.811485e+01,7.327436e-01,1.399063e-02
7.850000e+00,1.773846e+06,2.931500e+02,2.807821e+01,7.314627e-01,1.403730e-02
7.900000e+00,1.767979e+06,2.931500e+02,2.804164e+01,7.301904e-01,1.408388e-02
7.950000e+00,1.762160e+06,2.931500e+02,2.800513e+01,7.289265e-01,1.413038e-02
8.000000e+00,1.756390e+06,2.931500e+02,2.796868e+01,7.276708e-01,1.417680e-02
8.050000e+00,1.750668e+06,2.931500e+02,2.793230e+01,7.264234e-01,1.422314e-02
8.100000e+00,1.744992e+06,2.931500e+02,2.789598e+01,7.251840e-01,1.426941e-02
8.150000e+00,1.739363e+06,2.931500e+02,2.785972e+01,7.239527e-01,1.431559e-02
8.200000e+00,1.733779e+06,2.931500e+02,2.782352e+01,7.227293e-01,1.436169e-02
8.250000e+00,1.728240e+06,2.931500e+02,2.778738e+01,7.215137e-01,1.440772e-02
8.300000e+00,1.722746e+06,2.931500e+02,2.775131e+01,7.203058e-01,1.445367e-02
8.350000e+00,1.717296e+06,2.931500e+02,2.771529e+01,7.191056e-01,1.449954e-02
8.400000e+00,1.711889e+06,2.931500e+02,2.767934e+01,7.179129e-01,1.454534e-02
8.450000e+00,1.706525e+06,2.931500e+02,2.764344e+01,7.167278e-01,1.459106e-02
8.500000e+00,1.701203e+06,2.931500e+02,2.760760e+01,7.155500e-01,1.463670e-02
8.550000e+00,1.695923e+06,2.931500e+02,2.757183e+01,7.143796e-01,1.468227e-02
8.600000e+00,1.690684e+06,2.931500e+02,2.753611e+01,7.132164e-01,1.472776e-02
8.650000e+00,1.685486e+06,2.931500e+02,2.750045e+01,7.120604e-01,1.477318e-02
8.700000e+00,1.680329e+06,2.931500e+02,2.746484e+01,7.109115e-01,1.481853e-02
8.750000e+00,1.675210e+06,2.931500e+02,2.742930e+01,7.097695e-01,1.486380e-02
8.800000e+00,1.670132e+06,2.931500e+02,2.739381e+01,7.086345e-01,1.490901e-02
8.850000e+00,1.665091e+06,2.931500e+02,2.735838e+01,7.075064e-01,1.495413e-02
8.900000e+00,1.660090e+06,2.931500e+02,2.732300e+01,7.063850e-01,1.499919e-02
8.950000e+00,1.655125e+06,2.931500e+02,2.728768e+01,7.052704e-01,1.504418e-02
9.000000e+00,1.650199e+06,2.931500e+02,2.725242e+01,7.041624e-01,1.508909e-02
9.050000e+00,1.645309e+06,2.931500e+02,2.721721e+01,7.030610e-01,1.513394e-02
9.100000e+00,1.640456e+06,2.931500e+02,2.718206e+01,7.019661e-01,1.517871e-02
9.150000e+00,1.635638e+06,2.931500e+02,2.714696e+01,7.008776e-01,1.522341e-02
9.200000e+00,1.630857e+06,2.931500e+02,2.711192e+01,6.997955e-01,1.526805e-02
9.250000e+00,1.626110e+06,2.931500e+02,2.707693e+01,6.987197e-01,1.531261e-02
9.300000e+00,1.621399e+06,2.931500e+02,2.704199e+01,6.976502e-01,1.535711e-02
9.350000e+00,1.616721e+06,2.931500e+02,2.700711e+01,6.965868e-01,1.540154e-02
9.400000e+00,1.612078e+06,2.931500e+02,2.697228e+01,6.955296e-01,1.544590e-02
9.450000e+00,1.607468e+06,2.931500e+02,2.693750e+01,6.944784e-01,1.549020e-02
9.500000e+00,1.602892e+06,2.931500e+02,2.690278e+01,6.934332e-01,1.553442e-02
9.550000e+00,1.598348e+06,2.931500e+02,2.686811e+01,6.923939e-01,1.557858e-02
9.600000e+00,1.593837e+06,2.931500e+02,2.683349e+01,6.913605e-01,1.562268e-02
9.650000e+00,1.589358e+06,2.931500e+02,2.679892e+01,6.903329e-01,1.566671e-02
9.700000e+00,1.584910e+06,2.931500e+02,2.676440e+01,6.893111e-01,1.571067e-02
9.750000e+00,1.580494e+06,2.931500e+02,2.672994e+01,6.882950e-01,1.575457e-02
9.800000e+00,1.576109e+06,2.931500e+02,2.669552e+01,6.872845e-01,1.579840e-02
9.850000e+00,1.571754e+06,2.931500e+02,2.666116e+01,6.862796e-01,1.584217e-02
9.900000e+00,1.567430e+06,2.931500e+02,2.662684e+01,6.852803e-01,1.588588e-02
9.950000e+00,1.563136e+06,2.931500e+02,2.659258e+01,6.842864e-01,1.592952e-02
1.000000e+01,1.558871e+06,2.931500e+02,2.655837e+01,6.832980e-01,1.597310e-02
1.005000e+01,1.554636e+06,2.931500e+02,2.652420e+01,6.823149e-01,1.601661e-02
1.010000e+01,1.550430e+06,2.931500e+02,2.649008e+01,6.813372e-01,1.606006e-02
1.015000e+01,1.546252e+06,2.931500e+02,2.645602e+01,6.803647e-01,1.610345e-02
1.020000e+01,1.542103e+06,2.931500e+02,2.642200e+01,6.793975e-01,1.614678e-02
1.025000e+01,1.537982e+06,2.931500e+02,2.638803e+01,6.784354e-01,1.619005e-02
1.030000e+01,1.533888e+06,2.931500e+02,2.635411e+01,6.774785e-01,1.623325e-02
1.035000e+01,1.529822e+06,2.931500e+02,2.632023e+01,6.765267e-01,1.627640e-02
1.040000e+01,1.525784e+06,2.931500e+02,2.628641e+01,6.755798e-01,1.631948e-02
1.045000e+01,1.521772e+06,2.931500e+02,2.625263e+01,6.746380e-01,1.636251e-02
1.050000e+01,1.517786e+06,2.931500e+02,2.621890e+01,6.737011e-01,1.640547e-02
1.055000e+01,1.513827e+06,2.931500e+02,2.618521e+01,6.727691e-01,1.644837e-02
1.060000e+01,1.509894e+06,2.931500e+02,2.615157e+01,6.718420e-01,1.649122e-02
1.065000e+01,1.505987e+06,2.931500e+02,2.611798e+01,6.709196e-01,1.653400e-02
1.070000e+01,1.502106e+06,2.931500e+02,2.608444e+01,6.700020e-01,1.657673e-02
1.075000e+01,1.498249e+06,2.931500e+02,2.605094e+01,6.690892e-01,1.661940e-02
1.080000e+01,1.494418e+06,2.931500e+02,2.601748e+01,6.681810e-01,1.666201e-02
1.085000e+01,1.490611e+06,2.931500e+02,2.598407e+01,6.672774e-01,1.670456e-02
1.090000e+01,1.486828e+06,2.931500e+02,2.595071e+01,6.663785e-01,1.674706e-02
1.095000e+01,1.483070e+06,2.931500e+02,2.591739e+01,6.654840e-01,1.678950e-02
1.100000e+01,1.479336e+06,2.931500e+02,2.588411e+01,6.645941e-01,1.683188e-02
1.105000e+01,1.475625e+06,2.931500e+02,2.585088e+01,6.637087e-01,1.687420e-02
1.110000e+01,1.471938e+06,2.931500e+02,2.581770e+01,6.628277e-01,1.691647e-02
1.115000e+01,1.468275e+06,2.931500e+02,2.578456e+01,6.619510e-01,1.695868e-02
1.120000e+01,1.464634e+06,2.931500e+02,2.575146e+01,6.610788e-01,1.700084e-02
1.125000e+01,1.461016e+06,2.931500e+02,2.571841e+01,6.602108e-01,1.704294e-02
1.130000e+01,1.457420e+06,2.931500e+02,2.568540e+01,6.593471e-01,1.708498e-02
1.135000e+01,1.453847e+06,2.931500e+02,2.565243e+01,6.584877e-01,1.712697e-02
1.140000e+01,1.450296e+06,2.931500e+02,2.561950e+01,6.576325e-01,1.716891e-02
1.145000e+01,1.446767e+06,2.931500e+02,2.558662e+01,6.567814e-01,1.721079e-02
1.150000e+01,1.443260e+06,2.931500e+02,2.555378e+01,6.559345e-01,1.725261e-02
1.155000e+01,1.439774e+06,2.931500e+02,2.552099e+01,6.550916e-01,1.729439e-02
1.160000e+01,1.436309e+06,2.931500e+02,2.548823e+01,6.542529e-01,1.733610e-02
1.165000e+01,1.432865e+06,2.931500e+02,2.545552e+01,6.534181e-01,1.737777e-02
1.170000e+01,1.429442e+06,2.931500e+02,2.542285e+01,6.525873e-01,1.741938e-02
1.175000e+01,1.426040e+06,2.931500e+02,2.539022e+01,6.517605e-01,1.746094e-02
1.180000e+01,1.422658e+06,2.931500e+02,2.535763e+01,6.509377e-01,1.750245e-02
1.185000e+01,1.419297e+06,2.931500e+02,2.532508e+01,6.501187e-01,1.754390e-02
1.190000e+01,1.415955e+06,2.931500e+02,2.529258e+01,6.493036e-01,1.758530e-02
1.195000e+01,1.412633e+06,2.931500e+02,2.526011e+01,6.484923e-01,1.762666e-02
1.200000e+01,1.409331e+06,2.931500e+02,2.522769e+01,6.476848e-01,1.766795e-02
1.205000e+01,1.406049e+06,2.931500e+02,2.519530e+01,6.468810e-01,1.770920e-02
1.210000e+01,1.402786e+06,2.931500e+02,2.516296e+01,6.460810e-01,1.775040e-02
1.215000e+01,1.399541e+06,2.931500e+02,2.513066e+01,6.452848e-01,1.779154e-02
1.220000e+01,1.396316e+06,2.931500e+02,2.509839e+01,6.444921e-01,1.783264e-02
1.225000e+01,1.393110e+06,2.931500e+02,2.506617e+01,6.437032e-01,1.787368e-02
1.230000e+01,1.389922e+06,2.931500e+02,2.503398e+01,6.429178e-01,1.791467e-02
1.235000e+01,1.386753e+06,2.931500e+02,2.500184e+01,6.421360e-01,1.795562e-02
1.240000e+01,1.383601e+06,2.931500e+02,2.496973e+01,6.413578e-01,1.799651e-02
1.245000e+01,1.380468e+06,2.931500e+02,2.493766e+01,6.405831e-01,1.803736e-02
1.250000e+01,1.377353e+06,2.931500e+02,2.490563e+01,6.398119e-01,1.807815e-02
1.255000e+01,1.374256e+06,2.931500e+02,2.487364e+01,6.390442e-01,1.811890e-02
1.260000e+01,1.371176e+06,2.931500e+02,2.484169e+01,6.382799e-01,1.815959e-02
1.265000e+01,1.368114e+06,2.931500e+02,2.480978e+01,6.375191e-01,1.820024e-02
1.270000e+01,1.365069e+06,2.931500e+02,2.477790e+01,6.367616e-01,1.824084e-02
1.275000e+01,1.362041e+06,2.931500e+02,2.474606e+01,6.360075e-01,1.828139e-02
1.280000e+01,1.359030e+06,2.931500e+02,2.471426e+01,6.352568e-01,1.832190e-02
1.285000e+01,1.356035e+06,2.931500e+02,2.468250e+01,6.345093e-01,1.836235e-02
1.290000e+01,1.353058e+06,2.931500e+02,2.465077e+01,6.337651e-01,1.840276e-02
1.295000e+01,1.350097e+06,2.931500e+02,2.461908e+01,6.330242e-01,1.844312e-02
1.300000e+01,1.347152e+06,2.931500e+02,2.458743e+01,6.322866e-01,1.848344e-02
1.305000e+01,1.344224e+06,2.931500e+02,2.455582e+01,6.315521e-01,1.852370e-02
1.310000e+01,1.341311e+06,2.931500e+02,2.452424e+01,6.308208e-01,1.856392e-02
1.315000e+01,1.338415e+06,2.931500e+02,2.449270e+01,6.300927e-01,1.860409e-02
1.320000e+01,1.335534e+06,2.931500e+02,2.446120e+01,6.293677e-01,1.864422e-02
1.325000e+01,1.332670e+06,2.931500e+02,2.442973e+01,6.286459e-01,1.868430e-02
1.330000e+01,1.329820e+06,2.931500e+02,2.439830e+01,6.279271e-01,1.872434e-02
1.335000e+01,1.326986e+06,2.931500e+02,2.436690e+01,6.272114e-01,1.876433e-02
1.340000e+01,1.324167e+06,2.931500e+02,2.433554e+01,6.264987e-01,1.880427e-02
1.345000e+01,1.321364e+06,2.931500e+02,2.430421e+01,6.257891e-01,1.884417e-02
1.350000e+01,1.318575e+06,2.931500e+02,2.427292e+01,6.250825e-01,1.888402e-02
1.355000e+01,1.315801e+06,2.931500e+02,2.424167e+01,6.243788e-01,1.892383e-02
1.360000e+01,1.313042e+06,2.931500e+02,2.421045e+01,6.236781e-01,1.896359e-02
1.365000e+01,1.310298e+06,2.931500e+02,2.417927e+01,6.229803e-01,1.900331e-02
1.370000e+01,1.307568e+06,2.931500e+02,2.414812e+01,6.222854e-01,1.904298e-02
1.375000e+01,1.304853e+06,2.931500e+02,2.411700e+01,6.215934e-01,1.908261e-02
1.380000e+01,1.302152e+06,2.931500e+02,2.408592e+01,6.209043e-01,1.912220e-02
1.385000e+01,1.299464e+06,2.931500e+02,2.405488e+01,6.202181e-01,1.916174e-02
1.390000e+01,1.296791e+06,2.931500e+02,2.402387e+01,6.195346e-01,1.920124e-02
1.395000e+01,1.294132e+06,2.931500e+02,2.399289e+01,6.188540e-01,1.924069e-02
1.400000e+01,1.291487e+06,2.931500e+02,2.396195e+01,6.181761e-01,1.928010e-02
1.405000e+01,1.288855e+06,2.931500e+02,2.393104e+01,6.175010e-01,1.931947e-02
1.410000e+01,1.286237e+06,2.931500e+02,2.390016e+01,6.168287e-01,1.935880e-02
1.415000e+01,1.283632e+06,2.931500e+02,2.386932e+01,6.161591e-01,1.939808e-02
1.420000e+01,1.281041e+06,2.931500e+02,2.383852e+01,6.154922e-01,1.943732e-02
1.425000e+01,1.278463e+06,2.931500e+02,2.380774e+01,6.148280e-01,1.947652e-02
1.430000e+01,1.275898e+06,2.931500e+02,2.377700e+01,6.141664e-01,1.951567e-02
1.435000e+01,1.273346e+06,2.931500e+02,2.374629e+01,6.135075e-01,1.955478e-02
1.440000e+01,1.270807e+06,2.931500e+02,2.371562e+01,6.128512e-01,1.959385e-02
1.445000e+01,1.268280e+06,2.931500e+02,2.368497e+01,6.121976e-01,1.963288e-02
1.450000e+01,1.265767e+06,2.931500e+02,2.365436e+01,6.115465e-01,1.967187e-02
1.455000e+01,1.263266e+06,2.931500e+02,2.362379e+01,6.108980e-01,1.971082e-02
1.460000e+01,1.260777e+06,2.931500e+02,2.359324e+01,6.102521e-01,1.974972e-02
1.465000e+01,1.258301e+06,2.931500e+02,2.356273e+01,6.096087e-01,1.978858e-02
1.470000e+01,1.255838e+06,2.931500e+02,2.353225e+01,6.089678e-01,1.982741e-02
1.475000e+01,1.253386e+06,2.931500e+02,2.350180e+01,6.083294e-01,1.986619e-02
1.480000e+01,1.250946e+06,2.931500e+02,2.347138e+01,6.076935e-01,1.990493e-02
1.485000e+01,1.248519e+06,2.931500e+02,2.344100e+01,6.070601e-01,1.994363e-02
1.490000e+01,1.246103e+06,2.931500e+02,2.341065e+01,6.064292e-01,1.998229e-02
1.495000e+01,1.243700e+06,2.931500e+02,2.338032e+01,6.058006e-01,2.002091e-02
1.500000e+01,1.241308e+06,2.931500e+02,2.335003e+01,6.051745e-01,2.005949e-02
1.505000e+01,1.238927e+06,2.931500e+02,2.331978e+01,6.045508e-01,2.009803e-02
1.510000e+01,1.236559e+06,2.931500e+02,2.328955e+01,6.039295e-01,2.013653e-02
1.515000e+01,1.234201e+06,2.931500e+02,2.325935e+01,6.033106e-01,2.017499e-02
1.520000e+01,1.231855e+06,2.931500e+02,2.322919e+01,6.026940e-01,2.021341e-02
1.525000e+01,1.229521e+06,2.931500e+02,2.319905e+01,6.020797e-01,2.025179e-02
1.530000e+01,1.227197e+06,2.931500e+02,2.316895e+01,6.014678e-01,2.029014e-02
1.535000e+01,1.224885e+06,2.931500e+02,2.313887e+01,6.008582e-01,2.032844e-02
1.540000e+01,1.222584e+06,2.931500e+02,2.310883e+01,6.002509e-01,2.036670e-02
1.545000e+01,1.220293e+06,2.931500e+02,2.307882e+01,5.996458e-01,2.040493e-02
1.550000e+01,1.218014e+06,2.931500e+02,2.304884e+01,5.990430e-01,2.044312e-02
1.555000e+01,1.215745e+06,2.931500e+02,2.301888e+01,5.984425e-01,2.048127e-02
1.560000e+01,1.213487e+06,2.931500e+02,2.298896e+01,5.978442e-01,2.051938e-02
1.565000e+01,1.211240e+06,2.931500e+02,2.295907e+01,5.972481e-01,2.055745e-02
1.570000e+01,1.209003e+06,2.931500e+02,2.292921e+01,5.966542e-01,2.059549e-02
1.575000e+01,1.206776e+06,2.931500e+02,2.289937e+01,5.960625e-01,2.063349e-02
1.580000e+01,1.204560e+06,2.931500e+02,2.286957e+01,5.954730e-01,2.067145e-02
1.585000e+01,1.202354e+06,2.931500e+02,2.283980e+01,5.948856e-01,2.070937e-02
1.590000e+01,1.200159e+06,2.931500e+02,2.281005e+01,5.943004e-01,2.074725e-02
1.595000e+01,1.197974e+06,2.931500e+02,2.278034e+01,5.937174e-01,2.078510e-02
1.600000e+01,1.195798e+06,2.931500e+02,2.275065e+01,5.931364e-01,2.082291e-02
1.605000e+01,1.193633e+06,2.931500e+02,2.272100e+01,5.925575e-01,2.086068e-02
1.610000e+01,1.191478e+06,2.931500e+02,2.269137e+01,5.919808e-01,2.089842e-02
1.615000e+01,1.189332e+06,2.931500e+02,2.266177e+01,5.914061e-01,2.093612e-02
1.620000e+01,1.187196e+06,2.931500e+02,2.263220e+01,5.908335e-01,2.097378e-02
1.625000e+01,1.185070e+06,2.931500e+02,2.260266e+01,5.902629e-01,2.101141e-02
1.630000e+01,1.182954e+06,2.931500e+02,2.257314e+01,5.896944e-01,2.104900e-02
1.635000e+01,1.180847e+06,2.931500e+02,2.254366e+01,5.891279e-01,2.108655e-02
1.640000e+01,1.178750e+06,2.931500e+02,2.251420e+01,5.885634e-01,2.112407e-02
1.645000e+01,1.176662e+06,2.931500e+02,2.248477e+01,5.880009e-01,2.116155e-02
1.650000e+01,1.174584e+06,2.931500e+02,2.245537e+01,5.874404e-01,2.119900e-02
1.655000e+01,1.172515e+06,2.931500e+02,2.242600e+01,5.868819e-01,2.123641e-02
1.660000e+01,1.170455e+06,2.931500e+02,2.239666e+01,5.863254e-01,2.127379e-02
1.665000e+01,1.168404e+06,2.931500e+02,2.236734e+01,5.857708e-01,2.131113e-02
1.670000e+01,1.166362e+06,2.931500e+02,2.233805e+01,5.852181e-01,2.134843e-02
1.675000e+01,1.164329e+06,2.931500e+02,2.230879e+01,5.846674e-01,2.138570e-02
1.680000e+01,1.162306e+06,2.931500e+02,2.227956e+01,5.841186e-01,2.142293e-02
1.685000e+01,1.160291e+06,2.931500e+02,2.225035e+01,5.835717e-01,2.146013e-02
1.690000e+01,1.158285e+06,2.931500e+02,2.222117e+01,5.830266e-01,2.149730e-02
1.695000e+01,1.156288e+06,2.931500e+02,2.219202e+01,5.824835e-01,2.153443e-02
1.700000e+01,1.154300e+06,2.931500e+02,2.216290e+01,5.819422e-01,2.157152e-02
1.705000e+01,1.152320e+06,2.931500e+02,2.213380e+01,5.814028e-01,2.160858e-02
1.710000e+01,1.150349e+06,2.931500e+02,2.210473e+01,5.808652e-01,2.164561e-02
1.715000e+01,1.148386e+06,2.931500e+02,2.207569e+01,5.803295e-01,2.168260e-02
1.720000e+01,1.146432e+06,2.931500e+02,2.204667e+01,5.797956e-01,2.171956e-02
1.725000e+01,1.144487e+06,2.931500e+02,2.201768e+01,5.792635e-01,2.175648e-02
1.730000e+01,1.142549e+06,2.931500e+02,2.198872e+01,5.787332e-01,2.179337e-02
1.735000e+01,1.140620e+06,2.931500e+02,2.195978e+01,5.782047e-01,2.183023e-02
1.740000e+01,1.138700e+06,2.931500e+02,2.193087e+01,5.776780e-01,2.186705e-02
1.745000e+01,1.136787e+06,2.931500e+02,2.190199e+01,5.771531e-01,2.190384e-02
1.750000e+01,1.134883e+06,2.931500e+02,2.187313e+01,5.766299e-01,2.194059e-02
1.755000e+01,1.132986e+06,2.931500e+02,2.184430e+01,5.761085e-01,2.197732e-02
1.760000e+01,1.131098e+06,2.931500e+02,2.181549e+01,5.755888e-01,2.201400e-02
1.765000e+01,1.129218e+06,2.931500e+02,2.178671e+01,5.750708e-01,2.205066e-02
1.770000e+01,1.127346e+06,2.931500e+02,2.175796e+01,5.745545e-01,2.208728e-02
1.775000e+01,1.125481e+06,2.931500e+02,2.172923e+01,5.740400e-01,2.212387e-02
1.780000e+01,1.123624e+06,2.931500e+02,2.170053e+01,5.735272e-01,2.216043e-02
1.785000e+01,1.121775e+06,2.931500e+02,2.167185e+01,5.730160e-01,2.219696e-02
1.790000e+01,1.119934e+06,2.931500e+02,2.164320e+01,5.725066e-01,2.223345e-02
1.795000e+01,1.118101e+06,2.931500e+02,2.161458e+01,5.719988e-01,2.226991e-02
1.800000e+01,1.116275e+06,2.931500e+02,2.158598e+01,5.714926e-01,2.230633e-02
1.805000e+01,1.114457e+06,2.931500e+02,2.155740e+01,5.709881e-01,2.234273e-02
1.810000e+01,1.112646e+06,2.931500e+02,2.152885e+01,5.704853e-01,2.237909e-02
1.815000e+01,1.110842e+06,2.931500e+02,2.150033e+01,5.699840e-01,2.241542e-02
1.820000e+01,1.109046e+06,2.931500e+02,2.147183e+01,5.694845e-01,2.245172e-02
1.825000e+01,1.107258e+06,2.931500e+02,2.144336e+01,5.689865e-01,2.248799e-02
1.830000e+01,1.105476e+06,2.931500e+02,2.141491e+01,5.684901e-01,2.252422e-02
1.835000e+01,1.103702e+06,2.931500e+02,2.138648e+01,5.679953e-01,2.256043e-02
1.840000e+01,1.101936e+06,2.931500e+02,2.135808e+01,5.675021e-01,2.259660e-02
1.845000e+01,1.100176e+06,2.931500e+02,2.132971e+01,5.670105e-01,2.263274e-02
1.850000e+01,1.098424e+06,2.931500e+02,2.130136e+01,5.665204e-01,2.266885e-02
1.855000e+01,1.096678e+06,2.931500e+02,2.127303e+01,5.660319e-01,2.270493e-02
1.860000e+01,1.094940e+06,2.931500e+02,2.124473e+01,5.655450e-01,2.274098e-02
1.865000e+01,1.093208e+06,2.931500e+02,2.121645e+01,5.650596e-01,2.277699e-02
1.870000e+01,1.091484e+06,2.931500e+02,2.118820e+01,5.645757e-01,2.281298e-02
1.875000e+01,1.089766e+06,2.931500e+02,2.115997e+01,5.640933e-01,2.284893e-02
1.880000e+01,1.088056e+06,2.931500e+02,2.113177e+01,5.636125e-01,2.288486e-02
1.885000e+01,1.086352e+06,2.931500e+02,2.110359e+01,5.631332e-01,2.292075e-02
1.890000e+01,1.084655e+06,2.931500e+02,2.107543e+01,5.626553e-01,2.295661e-02
1.895000e+01,1.082964e+06,2.931500e+02,2.104730e+01,5.621790e-01,2.299244e-02
1.900000e+01,1.081281e+06,2.931500e+02,2.101919e+01,5.617041e-01,2.302825e-02
1.905000e+01,1.079604e+06,2.931500e+02,2.099110e+01,5.612308e-01,2.306402e-02
1.910000e+01,1.077933e+06,2.931500e+02,2.096304e+01,5.607588e-01,2.309976e-02
1.915000e+01,1.076269e+06,2.931500e+02,2.093500e+01,5.602884e-01,2.313547e-02
1.920000e+01,1.074612e+06,2.931500e+02,2.090699e+01,5.598194e-01,2.317115e-02
1.925000e+01,1.072961e+06,2.931500e+02,2.087900e+01,5.593518e-01,2.320680e-02
1.930000e+01,1.071317e+06,2.931500e+02,2.085103e+01,5.588857e-01,2.324242e-02
1.935000e+01,1.069679e+06,2.931500e+02,2.082309e+01,5.584210e-01,2.327802e-02
1.940000e+01,1.068047e+06,2.931500e+02,2.079516e+01,5.579577e-01,2.331358e-02
1.945000e+01,1.066422e+06,2.931500e+02,2.076727e+01,5.574958e-01,2.334911e-02
1.950000e+01,1.064803e+06,2.931500e+02,2.073939e+01,5.570353e-01,2.338462e-02
1.955000e+01,1.063190e+06,2.931500e+02,2.071154e+01,5.565762e-01,2.342009e-02
1.960000e+01,1.061583e+06,2.931500e+02,2.068371e+01,5.561185e-01,2.345554e-02
1.965000e+01,1.059983e+06,2.931500e+02,2.065591e+01,5.556622e-01,2.349095e-02
1.970000e+01,1.058388e+06,2.931500e+02,2.062812e+01,5.552073e-01,2.352634e-02
1.975000e+01,1.056800e+06,2.931500e+02,2.060036e+01,5.547537e-01,2.356170e-02
1.980000e+01,1.055218e+06,2.931500e+02,2.057262e+01,5.543015e-01,2.359702e-02
1.985000e+01,1.053642e+06,2.931500e+02,2.054491e+01,5.538507e-01,2.363233e-02
1.990000e+01,1.052071e+06,2.931500e+02,2.051722e+01,5.534012e-01,2.366760e-02
1.995000e+01,1.050507e+06,2.931500e+02,2.048955e+01,5.529530e-01,2.370284e-02
2.000000e+01,1.048949e+06,2.931500e+02,2.046190e+01,5.525061e-01,2.373805e-02
2.005000e+01,1.047396e+06,2.931500e+02,2.043427e+01,5.520606e-01,2.377324e-02
2.010000e+01,1.045849e+06,2.931500e+02,2.040667e+01,5.516164e-01,2.380840e-02
2.015000e+01,1.044309e+06,2.931500e+02,2.037909e+01,5.511735e-01,2.384353e-02
2.020000e+01,1.042774e+06,2.931500e+02,2.035153e+01,5.507319e-01,2.387863e-02
2.025000e+01,1.041244e+06,2.931500e+02,2.032399e+01,5.502916e-01,2.391370e-02
2.030000e+01,1.039720e+06,2.931500e+02,2.029648e+01,5.498526e-01,2.394874e-02
2.035000e+01,1.038202e+06,2.931500e+02,2.026899e+01,5.494149e-01,2.398376e-02
2.040000e+01,1.036690e+06,2.931500e+02,2.024152e+01,5.489785e-01,2.401875e-02
2.045000e+01,1.035183e+06,2.931500e+02,2.021407e+01,5.485433e-01,2.405371e-02
2.050000e+01,1.033682e+06,2.931500e+02,2.018664e+01,5.481094e-01,2.408865e-02
2.055000e+01,1.032186e+06,2.931500e+02,2.015923e+01,5.476767e-01,2.412355e-02
2.060000e+01,1.030696e+06,2.931500e+02,2.013185e+01,5.472453e-01,2.415843e-02
2.065000e+01,1.029211e+06,2.931500e+02,2.010449e+01,5.468151e-01,2.419328e-02
2.070000e+01,1.027732e+06,2.931500e+02,2.007715e+01,5.463862e-01,2.422810e-02
2.075000e+01,1.026258e+06,2.931500e+02,2.004983e+01,5.459585e-01,2.426290e-02
2.080000e+01,1.024790e+06,2.931500e+02,2.002253e+01,5.455320e-01,2.429767e-02
2.085000e+01,1.023326e+06,2.931500e+02,1.999525e+01,5.451068e-01,2.433241e-02
2.090000e+01,1.021869e+06,2.931500e+02,1.996800e+01,5.446828e-01,2.436713e-02
2.095000e+01,1.020416e+06,2.931500e+02,1.994076e+01,5.442599e-01,2.440181e-02
2.100000e+01,1.018969e+06,2.931500e+02,1.991355e+01,5.438383e-01,2.443647e-02
2.105000e+01,1.017526e+06,2.931500e+02,1.988636e+01,5.434179e-01,2.447111e-02
2.110000e+01,1.016090e+06,2.931500e+02,1.985919e+01,5.429986e-01,2.450571e-02
2.115000e+01,1.014658e+06,2.931500e+02,1.983204e+01,5.425805e-01,2.454029e-02
2.120000e+01,1.013231e+06,2.931500e+02,1.980491e+01,5.421636e-01,2.457485e-02
2.125000e+01,1.011809e+06,2.931500e+02,1.977780e+01,5.417479e-01,2.460938e-02
2.130000e+01,1.010393e+06,2.931500e+02,1.975071e+01,5.413334e-01,2.464388e-02
2.135000e+01,1.008982e+06,2.931500e+02,1.972365e+01,5.409200e-01,2.467835e-02
2.140000e+01,1.007575e+06,2.931500e+02,1.969660e+01,5.405077e-01,2.471280e-02
2.145000e+01,1.006174e+06,2.931500e+02,1.966958e+01,5.400966e-01,2.474722e-02
2.150000e+01,1.004777e+06,2.931500e+02,1.964257e+01,5.396867e-01,2.478162e-02
2.155000e+01,1.003385e+06,2.931500e+02,1.961559e+01,5.392779e-01,2.481599e-02
2.160000e+01,1.001999e+06,2.931500e+02,1.958862e+01,5.388702e-01,2.485033e-02
2.165000e+01,1.000617e+06,2.931500e+02,1.956168e+01,5.384636e-01,2.488465e-02
2.170000e+01,9.992400e+05,2.931500e+02,1.953476e+01,5.380582e-01,2.491894e-02
2.175000e+01,9.978679e+05,2.931500e+02,1.950785e+01,5.376538e-01,2.495320e-02
2.180000e+01,9.965005e+05,2.931500e+02,1.948097e+01,5.372506e-01,2.498744e-02
2.185000e+01,9.951379e+05,2.931500e+02,1.945411e+01,5.368485e-01,2.502166e-02
2.190000e+01,9.937800e+05,2.931500e+02,1.942727e+01,5.364475e-01,2.505585e-02
2.195000e+01,9.924269e+05,2.931500e+02,1.940044e+01,5.360476e-01,2.509001e-02
2.200000e+01,9.910784e+05,2.931500e+02,1.937364e+01,5.356487e-01,2.512415e-02
2.205000e+01,9.897346e+05,2.931500e+02,1.934686e+01,5.352510e-01,2.515826e-02
2.210000e+01,9.883954e+05,2.931500e+02,1.932010e+01,5.348543e-01,2.519235e-02
2.215000e+01,9.870608e+05,2.931500e+02,1.929335e+01,5.344587e-01,2.522641e-02
2.220000e+01,9.857309e+05,2.931500e+02,1.926663e+01,5.340642e-01,2.526045e-02
2.225000e+01,9.844054e+05,2.931500e+02,1.923993e+01,5.336707e-01,2.529446e-02
2.230000e+01,9.830845e+05,2.931500e+02,1.921324e+01,5.332783e-01,2.532844e-02
2.235000e+01,9.817681e+05,2.931500e+02,1.918658e+01,5.328869e-01,2.536240e-02
2.240000e+01,9.804562e+05,2.931500e+02,1.915994e+01,5.324966e-01,2.539634e-02
2.245000e+01,9.791488e+05,2.931500e+02,1.913331e+01,5.321073e-01,2.543025e-02
2.250000e+01,9.778458e+05,2.931500e+02,1.910671e+01,5.317190e-01,2.546414e-02
2.255000e+01,9.765471e+05,2.931500e+02,1.908012e+01,5.313318e-01,2.549800e-02
2.260000e+01,9.752529e+05,2.931500e+02,1.905355e+01,5.309456e-01,2.553184e-02
2.265000e+01,9.739631e+05,2.931500e+02,1.902701e+01,5.305605e-01,2.556565e-02
2.270000e+01,9.726776e+05,2.931500e+02,1.900048e+01,5.301763e-01,2.559944e-02
2.275000e+01,9.713964e+05,2.931500e+02,1.897397e+01,5.297932e-01,2.563320e-02
2.280000e+01,9.701194e+05,2.931500e+02,1.894748e+01,5.294111e-01,2.566694e-02
2.285000e+01,9.688468e+05,2.931500e+02,1.892101e+01,5.290299e-01,2.570066e-02
2.290000e+01,9.675784e+05,2.931500e+02,1.889456e+01,5.286498e-01,2.573435e-02
2.295000e+01,9.663142e+05,2.931500e+02,1.886812e+01,5.282707e-01,2.576801e-02
2.300000e+01,9.650543e+05,2.931500e+02,1.884171e+01,5.278926e-01,2.580166e-02
2.305000e+01,9.637985e+05,2.931500e+02,1.881532e+01,5.275154e-01,2.583528e-02
2.310000e+01,9.625469e+05,2.931500e+02,1.878894e+01,5.271392e-01,2.586887e-02
2.315000e+01,9.612994e+05,2.931500e+02,1.876258e+01,5.267640e-01,2.590244e-02
2.320000e+01,9.600560e+05,2.931500e+02,1.873625e+01,5.263898e-01,2.593599e-02
2.325000e+01,9.588167e+05,2.931500e+02,1.870993e+01,5.260165e-01,2.596951e-02
2.330000e+01,9.575815e+05,2.931500e+02,1.868362e+01,5.256442e-01,2.600301e-02
2.335000e+01,9.563503e+05,2.931500e+02,1.865734e+01,5.252729e-01,2.603648e-02
2.340000e+01,9.551232e+05,2.931500e+02,1.863108e+01,5.249025e-01,2.606994e-02
2.345000e+01,9.539001e+05,2.931500e+02,1.860483e+01,5.245331e-01,2.610336e-02
2.350000e+01,9.526809e+05,2.931500e+02,1.857861e+01,5.241646e-01,2.613677e-02
2.355000e+01,9.514658e+05,2.931500e+02,1.855240e+01,5.237970e-01,2.617015e-02
2.360000e+01,9.502545e+05,2.931500e+02,1.852621e+01,5.234304e-01,2.620351e-02
2.365000e+01,9.490472e+05,2.931500e+02,1.850004e+01,5.230647e-01,2.623684e-02
2.370000e+01,9.478438e+05,2.931500e+02,1.847388e+01,5.227000e-01,2.627015e-02
2.375000e+01,9.466443e+05,2.931500e+02,1.844775e+01,5.223361e-01,2.630344e-02
2.380000e+01,9.454486e+05,2.931500e+02,1.842163e+01,5.219732e-01,2.633670e-02
2.385000e+01,9.442568e+05,2.931500e+02,1.839553e+01,5.216112e-01,2.636994e-02
2.390000e+01,9.430688e+05,2.931500e+02,1.836945e+01,5.212501e-01,2.640316e-02
2.395000e+01,9.418846e+05,2.931500e+02,1.834339e+01,5.208899e-01,2.643636e-02
2.400000e+01,9.407042e+05,2.931500e+02,1.831735e+01,5.205307e-01,2.646953e-02
2.405000e+01,9.395276e+05,2.931500e+02,1.829132e+01,5.201723e-01,2.650268e-02
2.410000e+01,9.383547e+05,2.931500e+02,1.826531e+01,5.198148e-01,2.653581e-02
2.415000e+01,9.371856e+05,2.931500e+02,1.823932e+01,5.194582e-01,2.656891e-02
2.420000e+01,9.360201e+05,2.931500e+02,1.821335e+01,5.191025e-01,2.660199e-02
2.425000e+01,9.348584e+05,2.931500e+02,1.818739e+01,5.187477e-01,2.663505e-02
2.430000e+01,9.337003e+05,2.931500e+02,1.816146e+01,5.183938e-01,2.666809e-02
2.435000e+01,9.325458e+05,2.931500e+02,1.813554e+01,5.180407e-01,2.670110e-02
2.440000e+01,9.313950e+05,2.931500e+02,1.810963e+01,5.176885e-01,2.673409e-02
2.445000e+01,9.302479e+05,2.931500e+02,1.808375e+01,5.173372e-01,2.676706e-02
2.450000e+01,9.291043e+05,2.931500e+02,1.805788e+01,5.169867e-01,2.680001e-02
2.455000e+01,9.279643e+05,2.931500e+02,1.803203e+01,5.166371e-01,2.683293e-02
2.460000e+01,9.268278e+05,2.931500e+02,1.800620e+01,5.162884e-01,2.686583e-02
2.465000e+01,9.256949e+05,2.931500e+02,1.798039e+01,5.159405e-01,2.689871e-02
2.470000e+01,9.245656e+05,2.931500e+02,1.795459e+01,5.155935e-01,2.693157e-02
2.475000e+01,9.234397e+05,2.931500e+02,1.792881e+01,5.152473e-01,2.696440e-02
2.480000e+01,9.223173e+05,2.931500e+02,1.790305e+01,5.149019e-01,2.699722e-02
2.485000e+01,9.211984e+05,2.931500e+02,1.787730e+01,5.145574e-01,2.703001e-02
2.490000e+01,9.200830e+05,2.931500e+02,1.785157e+01,5.142137e-01,2.706278e-02
2.495000e+01,9.189710e+05,2.931500e+02,1.782586e+01,5.138709e-01,2.709552e-02
2.500000e+01,9.178624e+05,2.931500e+02,1.780017e+01,5.135288e-01,2.712825e-02
2.505000e+01,9.167573e+05,2.931500e+02,1.777449e+01,5.131877e-01,2.716095e-02
2.510000e+01,9.156555e+05,2.931500e+02,1.774883e+01,5.128473e-01,2.719363e-02
2.515000e+01,9.145571e+05,2.931500e+02,1.772319e+01,5.125077e-01,2.722629e-02
2.520000e+01,9.134620e+05,2.931500e+02,1.769757e+01,5.121690e-01,2.725893e-02
2.525000e+01,9.123703e+05,2.931500e+02,1.767196e+01,5.118310e-01,2.729155e-02
2.530000e+01,9.112819e+05,2.931500e+02,1.764637e+01,5.114939e-01,2.732415e-02
2.535000e+01,9.101969e+05,2.931500e+02,1.762079e+01,5.111576e-01,2.735672e-02
2.540000e+01,9.091151e+05,2.931500e+02,1.759523e+01,5.108221e-01,2.738927e-02
2.545000e+01,9.080366e+05,2.931500e+02,1.756969e+01,5.104873e-01,2.742180e-02
2.550000e+01,9.069613e+05,2.931500e+02,1.754417e+01,5.101534e-01,2.745431e-02
2.555000e+01,9.058893e+05,2.931500e+02,1.751866e+01,5.098203e-01,2.748680e-02
2.560000e+01,9.048205e+05,2.931500e+02,1.749317e+01,5.094879e-01,2.751927e-02
2.565000e+01,9.037550e+05,2.931500e+02,1.746770e+01,5.091563e-01,2.755172e-02
2.570000e+01,9.026926e+05,2.931500e+02,1.744224e+01,5.088255e-01,2.758414e-02
2.575000e+01,9.016334e+05,2.931500e+02,1.741680e+01,5.084955e-01,2.761654e-02
2.580000e+01,9.005774e+05,2.931500e+02,1.739137e+01,5.081663e-01,2.764893e-02
2.585000e+01,8.995246e+05,2.931500e+02,1.736596e+01,5.078378e-01,2.768129e-02
2.590000e+01,8.984748e+05,2.931500e+02,1.734057e+01,5.075101e-01,2.771363e-02
2.595000e+01,8.974282e+05,2.931500e+02,1.731520e+01,5.071831e-01,2.774595e-02
2.600000e+01,8.963847e+05,2.931500e+02,1.728984e+01,5.068570e-01,2.777825e-02
2.605000e+01,8.953443e+05,2.931500e+02,1.726449e+01,5.065315e-01,2.781053e-02
2.610000e+01,8.943070e+05,2.931500e+02,1.723917e+01,5.062069e-01,2.784279e-02
2.615000e+01,8.932727e+05,2.931500e+02,1.721386e+01,5.058829e-01,2.787502e-02
2.620000e+01,8.922415e+05,2.931500e+02,1.718856e+01,5.055598e-01,2.790724e-02
2.625000e+01,8.912134e+05,2.931500e+02,1.716328e+01,5.052373e-01,2.793944e-02
2.630000e+01,8.901882e+05,2.931500e+02,1.713802e+01,5.049157e-01,2.797161e-02
2.635000e+01,8.891660e+05,2.931500e+02,1.711278e+01,5.045947e-01,2.800377e-02
2.640000e+01,8.881469e+05,2.931500e+02,1.708755e+01,5.042745e-01,2.803590e-02
2.645000e+01,8.871307e+05,2.931500e+02,1.706233e+01,5.039550e-01,2.806802e-02
2.650000e+01,8.861175e+05,2.931500e+02,1.703714e+01,5.036363e-01,2.810011e-02
2.655000e+01,8.851072e+05,2.931500e+02,1.701195e+01,5.033183e-01,2.813218e-02
2.660000e+01,8.840999e+05,2.931500e+02,1.698679e+01,5.030010e-01,2.816424e-02
2.665000e+01,8.830955e+05,2.931500e+02,1.696164e+01,5.026844e-01,2.819627e-02
2.670000e+01,8.820940e+05,2.931500e+02,1.693650e+01,5.023685e-01,2.822828e-02
2.675000e+01,8.810954e+05,2.931500e+02,1.691139e+01,5.020534e-01,2.826028e-02
2.680000e+01,8.800997e+05,2.931500e+02,1.688628e+01,5.017390e-01,2.829225e-02
2.685000e+01,8.791068e+05,2.931500e+02,1.686120e+01,5.014253e-01,2.832420e-02
2.690000e+01,8.781168e+05,2.931500e+02,1.683612e+01,5.011123e-01,2.835614e-02
2.695000e+01,8.771297e+05,2.931500e+02,1.681107e+01,5.007999e-01,2.838805e-02
2.700000e+01,8.761454e+05,2.931500e+02,1.678603e+01,5.004883e-01,2.841994e-02
2.705000e+01,8.751639e+05,2.931500e+02,1.676100e+01,5.001774e-01,2.845181e-02
2.710000e+01,8.741852e+05,2.931500e+02,1.673600e+01,4.998672e-01,2.848367e-02
2.715000e+01,8.732093e+05,2.931500e+02,1.671100e+01,4.995577e-01,2.851550e-02
2.720000e+01,8.722361e+05,2.931500e+02,1.668602e+01,4.992489e-01,2.854732e-02
2.725000e+01,8.712658e+05,2.931500e+02,1.666106e+01,4.989407e-01,2.857911e-02
2.730000e+01,8.702982e+05,2.931500e+02,1.663612e+01,4.986333e-01,2.861088e-02
2.735000e+01,8.693333e+05,2.931500e+02,1.661118e+01,4.983265e-01,2.864264e-02
2.740000e+01,8.683712e+05,2.931500e+02,1.658627e+01,4.980204e-01,2.867437e-02
2.745000e+01,8.674117e+05,2.931500e+02,1.656137e+01,4.977150e-01,2.870609e-02
2.750000e+01,8.664550e+05,2.931500e+02,1.653648e+01,4.974103e-01,2.873779e-02
2.755000e+01,8.655010e+05,2.931500e+02,1.651161e+01,4.971062e-01,2.876946e-02
2.760000e+01,8.645496e+05,2.931500e+02,1.648675e+01,4.968028e-01,2.880112e-02
2.765000e+01,8.636010e+05,2.931500e+02,1.646191e+01,4.965001e-01,2.883276e-02
2.770000e+01,8.626549e+05,2.931500e+02,1.643709e+01,4.961980e-01,2.886438e-02
2.775000e+01,8.617116e+05,2.931500e+02,1.641228e+01,4.958966e-01,2.889598e-02
2.780000e+01,8.607708e+05,2.931500e+02,1.638748e+01,4.955958e-01,2.892756e-02
2.785000e+01,8.598327e+05,2.931500e+02,1.636270e+01,4.952957e-01,2.895912e-02
2.790000e+01,8.588972e+05,2.931500e+02,1.633794e+01,4.949963e-01,2.899066e-02
2.795000e+01,8.579643e+05,2.931500e+02,1.631319e+01,4.946975e-01,2.902219e-02
2.800000e+01,8.570339e+05,2.931500e+02,1.628846e+01,4.943994e-01,2.905369e-02
2.805000e+01,8.561062e+05,2.931500e+02,1.626374e+01,4.941019e-01,2.908518e-02
2.810000e+01,8.551810e+05,2.931500e+02,1.623903e+01,4.938050e-01,2.911664e-02
2.815000e+01,8.542583e+05,2.931500e+02,1.621434e+01,4.935088e-01,2.914809e-02
2.820000e+01,8.533382e+05,2.931500e+02,1.618966e+01,4.932132e-01,2.917952e-02
2.825000e+01,8.524207e+05,2.931500e+02,1.616500e+01,4.929183e-01,2.921093e-02
2.830000e+01,8.515056e+05,2.931500e+02,1.614036e+01,4.926240e-01,2.924232e-02
2.835000e+01,8.505930e+05,2.931500e+02,1.611573e+01,4.923303e-01,2.927369e-02
2.840000e+01,8.496830e+05,2.931500e+02,1.609111e+01,4.920372e-01,2.930505e-02
2.845000e+01,8.487754e+05,2.931500e+02,1.606651e+01,4.917448e-01,2.933638e-02
2.850000e+01,8.478703e+05,2.931500e+02,1.604192e+01,4.914530e-01,2.936770e-02
2.855000e+01,8.469677e+05,2.931500e+02,1.601735e+01,4.911619e-01,2.939900e-02
2.860000e+01,8.460675e+05,2.931500e+02,1.599279e+01,4.908713e-01,2.943028e-02
2.865000e+01,8.451698e+05,2.931500e+02,1.596825e+01,4.905814e-01,2.946154e-02
2.870000e+01,8.442745e+05,2.931500e+02,1.594372e+01,4.902920e-01,2.949278e-02
2.875000e+01,8.433816e+05,2.931500e+02,1.591920e+01,4.900033e-01,2.952400e-02
2.880000e+01,8.424911e+05,2.931500e+02,1.589470e+01,4.897152e-01,2.955521e-02
2.885000e+01,8.416031e+05,2.931500e+02,1.587022e+01,4.894277e-01,2.958639e-02
2.890000e+01,8.407174e+05,2.931500e+02,1.584575e+01,4.891408e-01,2.961756e-02
2.895000e+01,8.398341e+05,2.931500e+02,1.582129e+01,4.888546e-01,2.964871e-02
2.900000e+01,8.389531e+05,2.931500e+02,1.579685e+01,4.885689e-01,2.967985e-02
2.905000e+01,8.380746e+05,2.931500e+02,1.577242e+01,4.882838e-01,2.971096e-02
2.910000e+01,8.371984e+05,2.931500e+02,1.574800e+01,4.879993e-01,2.974206e-02
2.915000e+01,8.363245e+05,2.931500e+02,1.572360e+01,4.877154e-01,2.977313e-02
2.920000e+01,8.354529e+05,2.931500e+02,1.569922e+01,4.874321e-01,2.980419e-02
2.925000e+01,8.345837e+05,2.931500e+02,1.567485e+01,4.871494e-01,2.983523e-02
2.930000e+01,8.337167e+05,2.931500e+02,1.565049e+01,4.868673e-01,2.986626e-02
2.935000e+01,8.328521e+05,2.931500e+02,1.562615e+01,4.865857e-01,2.989726e-02
2.940000e+01,8.319898e+05,2.931500e+02,1.560182e+01,4.863048e-01,2.992825e-02
2.945000e+01,8.311297e+05,2.931500e+02,1.557750e+01,4.860244e-01,2.995922e-02
2.950000e+01,8.302719e+05,2.931500e+02,1.555320e+01,4.857446e-01,2.999017e-02
2.955000e+01,8.294164e+05,2.931500e+02,1.552891e+01,4.854654e-01,3.002111e-02
2.960000e+01,8.285631e+05,2.931500e+02,1.550464e+01,4.851867e-01,3.005202e-02
2.965000e+01,8.277121e+05,2.931500e+02,1.548038e+01,4.849087e-01,3.008292e-02
2.970000e+01,8.268633e+05,2.931500e+02,1.545613e+01,4.846312e-01,3.011380e-02
2.975000e+01,8.260167e+05,2.931500e+02,1.543190e+01,4.843542e-01,3.014467e-02
2.980000e+01,8.251724e+05,2.931500e+02,1.540769e+01,4.840779e-01,3.017551e-02
2.985000e+01,8.243302e+05,2.931500e+02,1.538348e+01,4.838021e-01,3.020634e-02
2.990000e+01,8.234903e+05,2.931500e+02,1.535929e+01,4.835268e-01,3.023715e-02
2.995000e+01,8.226525e+05,2.931500e+02,1.533511e+01,4.832521e-01,3.026794e-02
3.000000e+01,8.218169e+05,2.931500e+02,1.531095e+01,4.829780e-01,3.029872e-02
